tag,cooccurrence_count
anaconda,1
attributeerror,3
autograd,1
catboost,1
client,1
computer-vision,1
conda,1
condition-variable,1
conv-neural-network,1
cross-entropy,1
ctc,1
dart,1
dataframe,1
dataloader,2
data-science,3
dataset,2
deep-learning,10
deque,1
docker,1
dropout,1
ensemble-learning,1
feature-extraction,1
federated,3
federated-learning,167
flask,1
flask-socketio,1
flower,4
generative-adversarial-network,1
google-colaboratory,11
gpu,1
gradient-descent,1
grid-search,1
huggingface-transformers,1
image-classification,1
intel,1
iot,1
ip,1
johnsnowlabs-spark-nlp,1
jupyter-notebook,1
keras,14
kubernetes,1
kubernetes-ingress,1
loaddata,1
loss,1
loss-function,1
lstm,2
machine-learning,27
mean,1
metadata-repository,1
meta-learning,1
minikube,1
mnist,2
modulenotfounderror,1
multithreading,1
mutex,1
nan,1
network-programming,2
neural-network,3
nlp,1
numpy,3
object-detection,1
openehr,1
openfl,1
ordereddict,1
ordereddictionary,1
pandas,2
personalization,1
pickle,1
pip,1
plugins,1
postgresql,2
privacy,2
pylint,1
pysyft,19
python,66
python-3.x,7
pytorch,31
pytorch-dataloader,2
pytorch-lightning,2
random-seed,1
raspberry-pi,1
raspbian,1
reactjs,1
regression,1
reinforcement-learning,1
resnet,2
resources,1
runtime-error,2
scikit-learn,2
server,1
sh,1
sharding,1
tensorflow,65
tensorflow2.0,2
tensorflow-datasets,4
tensorflow-federated,84
terminal,1
tf.keras,1
torch,1
transfer-learning,2
unet-neural-network,1
valueerror,2
web-applications,1
websocket,2
yaml,1
yolo,1
yolov8,1
