tag,cooccurrence_count,relevance_ratio
federated-learning,167,1
tensorflow-federated,84,0.502994012
python,66,0.395209581
tensorflow,65,0.389221557
pytorch,31,0.185628743
machine-learning,27,0.161676647
pysyft,19,0.113772455
keras,14,0.083832335
google-colaboratory,11,0.065868263
deep-learning,10,0.05988024
python-3.x,7,0.041916168
tensorflow-datasets,4,0.023952096
flower,4,0.023952096
data-science,3,0.017964072
attributeerror,3,0.017964072
federated,3,0.017964072
neural-network,3,0.017964072
numpy,3,0.017964072
lstm,2,0.011976048
mnist,2,0.011976048
network-programming,2,0.011976048
postgresql,2,0.011976048
privacy,2,0.011976048
pandas,2,0.011976048
pytorch-dataloader,2,0.011976048
pytorch-lightning,2,0.011976048
dataset,2,0.011976048
dataloader,2,0.011976048
valueerror,2,0.011976048
websocket,2,0.011976048
resnet,2,0.011976048
runtime-error,2,0.011976048
scikit-learn,2,0.011976048
tensorflow2.0,2,0.011976048
transfer-learning,2,0.011976048
unet-neural-network,1,0.005988024
terminal,1,0.005988024
tf.keras,1,0.005988024
torch,1,0.005988024
server,1,0.005988024
sh,1,0.005988024
sharding,1,0.005988024
resources,1,0.005988024
yaml,1,0.005988024
yolo,1,0.005988024
yolov8,1,0.005988024
web-applications,1,0.005988024
anaconda,1,0.005988024
deque,1,0.005988024
docker,1,0.005988024
dropout,1,0.005988024
ensemble-learning,1,0.005988024
feature-extraction,1,0.005988024
autograd,1,0.005988024
catboost,1,0.005988024
client,1,0.005988024
computer-vision,1,0.005988024
conda,1,0.005988024
condition-variable,1,0.005988024
conv-neural-network,1,0.005988024
cross-entropy,1,0.005988024
ctc,1,0.005988024
dart,1,0.005988024
dataframe,1,0.005988024
generative-adversarial-network,1,0.005988024
flask,1,0.005988024
flask-socketio,1,0.005988024
kubernetes,1,0.005988024
kubernetes-ingress,1,0.005988024
loaddata,1,0.005988024
loss,1,0.005988024
loss-function,1,0.005988024
gpu,1,0.005988024
gradient-descent,1,0.005988024
grid-search,1,0.005988024
huggingface-transformers,1,0.005988024
image-classification,1,0.005988024
intel,1,0.005988024
iot,1,0.005988024
ip,1,0.005988024
johnsnowlabs-spark-nlp,1,0.005988024
jupyter-notebook,1,0.005988024
random-seed,1,0.005988024
raspberry-pi,1,0.005988024
raspbian,1,0.005988024
reactjs,1,0.005988024
regression,1,0.005988024
reinforcement-learning,1,0.005988024
personalization,1,0.005988024
pickle,1,0.005988024
pip,1,0.005988024
plugins,1,0.005988024
pylint,1,0.005988024
modulenotfounderror,1,0.005988024
multithreading,1,0.005988024
mutex,1,0.005988024
nan,1,0.005988024
mean,1,0.005988024
metadata-repository,1,0.005988024
meta-learning,1,0.005988024
minikube,1,0.005988024
nlp,1,0.005988024
object-detection,1,0.005988024
openehr,1,0.005988024
openfl,1,0.005988024
ordereddict,1,0.005988024
ordereddictionary,1,0.005988024
