tag,tag_significance_threshold
federated-learning,1
tensorflow-federated,0.502994012
python,0.395209581
tensorflow,0.389221557
pytorch,0.185628743
machine-learning,0.161676647
pysyft,0.113772455
keras,0.083832335
google-colaboratory,0.065868263
deep-learning,0.05988024
python-3.x,0.041916168
flower,0.023952096
tensorflow-datasets,0.023952096
numpy,0.017964072
federated,0.017964072
attributeerror,0.017964072
data-science,0.017964072
neural-network,0.017964072
pandas,0.011976048
mnist,0.011976048
resnet,0.011976048
network-programming,0.011976048
scikit-learn,0.011976048
websocket,0.011976048
dataloader,0.011976048
privacy,0.011976048
dataset,0.011976048
transfer-learning,0.011976048
runtime-error,0.011976048
lstm,0.011976048
pytorch-dataloader,0.011976048
postgresql,0.011976048
tensorflow2.0,0.011976048
pytorch-lightning,0.011976048
valueerror,0.011976048
grid-search,0.005988024
johnsnowlabs-spark-nlp,0.005988024
ensemble-learning,0.005988024
metadata-repository,0.005988024
cross-entropy,0.005988024
raspberry-pi,0.005988024
pickle,0.005988024
ordereddictionary,0.005988024
plugins,0.005988024
yolo,0.005988024
kubernetes,0.005988024
object-detection,0.005988024
sharding,0.005988024
dataframe,0.005988024
condition-variable,0.005988024
random-seed,0.005988024
minikube,0.005988024
reinforcement-learning,0.005988024
raspbian,0.005988024
huggingface-transformers,0.005988024
modulenotfounderror,0.005988024
pylint,0.005988024
feature-extraction,0.005988024
image-classification,0.005988024
jupyter-notebook,0.005988024
conv-neural-network,0.005988024
openfl,0.005988024
ordereddict,0.005988024
client,0.005988024
anaconda,0.005988024
web-applications,0.005988024
yaml,0.005988024
personalization,0.005988024
nlp,0.005988024
yolov8,0.005988024
gradient-descent,0.005988024
multithreading,0.005988024
docker,0.005988024
pip,0.005988024
iot,0.005988024
conda,0.005988024
nan,0.005988024
resources,0.005988024
dropout,0.005988024
loss,0.005988024
mean,0.005988024
unet-neural-network,0.005988024
flask,0.005988024
torch,0.005988024
mutex,0.005988024
intel,0.005988024
generative-adversarial-network,0.005988024
regression,0.005988024
gpu,0.005988024
flask-socketio,0.005988024
server,0.005988024
dart,0.005988024
deque,0.005988024
openehr,0.005988024
catboost,0.005988024
loss-function,0.005988024
loaddata,0.005988024
terminal,0.005988024
kubernetes-ingress,0.005988024
tf.keras,0.005988024
reactjs,0.005988024
meta-learning,0.005988024
ctc,0.005988024
autograd,0.005988024
computer-vision,0.005988024
ip,0.005988024
sh,0.005988024
