tagname,count
"anaconda","15008"
"attributeerror","2609"
"autograd","403"
"catboost","370"
"client","8252"
"computer-vision","16024"
"conda","8370"
"condition-variable","748"
"conv-neural-network","10625"
"cross-entropy","368"
"ctc","77"
"dart","95216"
"dataframe","147664"
"dataloader","437"
"data-science","8675"
"dataset","11481"
"deep-learning","27943"
"deque","1014"
"docker","140040"
"dropout","224"
"ensemble-learning","433"
"feature-extraction","1666"
"federated","111"
"federated-learning","173"
"flask","55966"
"flask-socketio","1117"
"flower","209"
"generative-adversarial-network","942"
"google-colaboratory","7934"
"gpu","9214"
"gradient-descent","1483"
"grid-search","871"
"huggingface-transformers","3554"
"image-classification","642"
"intel","3604"
"iot","3931"
"ip","9317"
"johnsnowlabs-spark-nlp","107"
"jupyter-notebook","25315"
"keras","42562"
"kubernetes","58346"
"kubernetes-ingress","3969"
"loaddata","196"
"loss","612"
"loss-function","1769"
"lstm","6304"
"machine-learning","56557"
"mean","3983"
"metadata-repository","3"
"meta-learning","20"
"minikube","2730"
"mnist","1358"
"modulenotfounderror","867"
"multithreading","140907"
"mutex","4793"
"nan","4379"
"network-programming","47995"
"neural-network","20287"
"nlp","20667"
"numpy","114939"
"object-detection","4672"
"openehr","30"
"openfl","275"
"ordereddict","117"
"ordereddictionary","584"
"pandas","289010"
"personalization","163"
"pickle","5009"
"pip","24454"
"plugins","25727"
"postgresql","178827"
"privacy","1175"
"pylint","1780"
"pysyft","37"
"python","2214141"
"python-3.x","343726"
"pytorch","24619"
"pytorch-dataloader","474"
"pytorch-lightning","653"
"random-seed","966"
"raspberry-pi","17774"
"raspbian","2994"
"reactjs","481459"
"regression","9559"
"reinforcement-learning","2728"
"resnet","774"
"resources","9351"
"runtime-error","9909"
"scikit-learn","28372"
"server","25312"
"sh","8599"
"sharding","1677"
"tensorflow","83052"
"tensorflow2.0","5772"
"tensorflow-datasets","2112"
"tensorflow-federated","406"
"terminal","24560"
"tf.keras","2262"
"torch","2180"
"transfer-learning","747"
"unet-neural-network","206"
"valueerror","1820"
"web-applications","22556"
"websocket","28777"
"yaml","15829"
"yolo","1967"
"yolov8","496"