tag,cooccurrence_count
apple-m1,2
artificial-intelligence,1
bazel,2
classification,1
conv-neural-network,2
cryptography,1
ctc,1
data-augmentation,1
dataset,1
deep-learning,10
federated,4
federated-learning,72
flower,2
github,1
google-colaboratory,19
gossip,1
gpu,1
gradient-descent,2
gradienttape,1
grid-search,1
hdf5,2
huggingface-transformers,1
image-classification,1
imbalanced-data,1
installation,1
johnsnowlabs-spark-nlp,1
jupyter-notebook,3
keras,27
loaddata,1
lstm,1
machine-learning,25
matplotlib,1
mnist,1
mobilenet,1
model,1
nb-iot,1
nest-asyncio,1
neural-network,2
nlp,1
numpy,4
numpy-ndarray,1
object-detection,1
object-detection-api,1
ordereddict,1
ordereddictionary,1
out-of-memory,2
pandas,1
pip,1
postgresql,1
precision-recall,1
privacy,4
protocols,1
python,110
python-3.x,10
python-asyncio,1
pytorch,2
remote-execution,1
resnet,2
runtime-error,1
save,1
savestate,1
scikit-learn,1
security,1
serialization,1
sgd,1
tensorboard,1
tensorflow,194
tensorflow2.0,32
tensorflow-datasets,12
tensorflow-federated,336
tensorflow-serving,1
tf.keras,8
time-series,1
transfer-learning,2
typeerror,1
ubuntu,1
video-processing,1
windows,1
