tagname,count,,tag,TST,,TST%,,tag,cooccurrence_count,TRT,,TRT%
apple-m1,2820,,apple-m1,0.027777778,,0.005952381,,apple-m1,2,0.005952381,,0.070921986
artificial-intelligence,9165,,artificial-intelligence,0.013888889,,0.00297619,,artificial-intelligence,1,0.00297619,,0.010911075
bazel,3470,,bazel,0.027777778,,0.005952381,,bazel,2,0.005952381,,0.057636888
classification,7863,,classification,0.013888889,,0.00297619,,classification,1,0.00297619,,0.012717792
conv-neural-network,10626,,conv-neural-network,0.027777778,,0.005952381,,conv-neural-network,2,0.005952381,,0.018821758
cryptography,15329,,cryptography,0.013888889,,0.00297619,,cryptography,1,0.00297619,,0.006523583
ctc,77,,ctc,0.013888889,,0.00297619,,ctc,1,0.00297619,,1.298701299
data-augmentation,486,,data-augmentation,0.013888889,,0.00297619,,data-augmentation,1,0.00297619,,0.205761317
dataset,11484,,dataset,0.013888889,,0.00297619,,dataset,1,0.00297619,,0.008707767
deep-learning,27963,,deep-learning,0.138888889,,0.029761905,,deep-learning,10,0.029761905,,0.035761542
federated,111,,federated,0.055555556,,0.011904762,,federated,4,0.011904762,,3.603603604
federated-learning,173,,federated-learning,1,,0.214285714,,federated-learning,72,0.214285714,,41.61849711
flower,208,,flower,0.027777778,,0.005952381,,flower,2,0.005952381,,0.961538462
github,58827,,github,0.013888889,,0.00297619,,github,1,0.00297619,,0.0016999
google-colaboratory,7937,,google-colaboratory,0.263888889,,0.056547619,,google-colaboratory,19,0.056547619,,0.239385158
gossip,49,,gossip,0.013888889,,0.00297619,,gossip,1,0.00297619,,2.040816327
gpu,9207,,gpu,0.013888889,,0.00297619,,gpu,1,0.00297619,,0.010861301
gradient-descent,1484,,gradient-descent,0.027777778,,0.005952381,,gradient-descent,2,0.005952381,,0.134770889
gradienttape,143,,gradienttape,0.013888889,,0.00297619,,gradienttape,1,0.00297619,,0.699300699
grid-search,871,,grid-search,0.013888889,,0.00297619,,grid-search,1,0.00297619,,0.114810563
hdf5,2648,,hdf5,0.027777778,,0.005952381,,hdf5,2,0.005952381,,0.075528701
huggingface-transformers,3560,,huggingface-transformers,0.013888889,,0.00297619,,huggingface-transformers,1,0.00297619,,0.028089888
image-classification,640,,image-classification,0.013888889,,0.00297619,,image-classification,1,0.00297619,,0.15625
imbalanced-data,351,,imbalanced-data,0.013888889,,0.00297619,,imbalanced-data,1,0.00297619,,0.284900285
installation,29770,,installation,0.013888889,,0.00297619,,installation,1,0.00297619,,0.003359086
johnsnowlabs-spark-nlp,107,,johnsnowlabs-spark-nlp,0.013888889,,0.00297619,,johnsnowlabs-spark-nlp,1,0.00297619,,0.934579439
jupyter-notebook,25309,,jupyter-notebook,0.041666667,,0.008928571,,jupyter-notebook,3,0.008928571,,0.011853491
keras,42575,,keras,0.375,,0.080357143,,keras,27,0.080357143,,0.063417499
loaddata,196,,loaddata,0.013888889,,0.00297619,,loaddata,1,0.00297619,,0.510204082
lstm,6293,,lstm,0.013888889,,0.00297619,,lstm,1,0.00297619,,0.015890672
machine-learning,56608,,machine-learning,0.347222222,,0.074404762,,machine-learning,25,0.074404762,,0.044163369
matplotlib,72937,,matplotlib,0.013888889,,0.00297619,,matplotlib,1,0.00297619,,0.001371046
mnist,1357,,mnist,0.013888889,,0.00297619,,mnist,1,0.00297619,,0.073691968
mobilenet,205,,mobilenet,0.013888889,,0.00297619,,mobilenet,1,0.00297619,,0.487804878
model,19135,,model,0.013888889,,0.00297619,,model,1,0.00297619,,0.005226026
nb-iot,16,,nb-iot,0.013888889,,0.00297619,,nb-iot,1,0.00297619,,6.25
nest-asyncio,18,,nest-asyncio,0.013888889,,0.00297619,,nest-asyncio,1,0.00297619,,5.555555556
neural-network,20294,,neural-network,0.027777778,,0.005952381,,neural-network,2,0.005952381,,0.00985513
nlp,20679,,nlp,0.013888889,,0.00297619,,nlp,1,0.00297619,,0.004835824
numpy,114979,,numpy,0.055555556,,0.011904762,,numpy,4,0.011904762,,0.003478896
numpy-ndarray,3925,,numpy-ndarray,0.013888889,,0.00297619,,numpy-ndarray,1,0.00297619,,0.025477707
object-detection,4667,,object-detection,0.013888889,,0.00297619,,object-detection,1,0.00297619,,0.021427041
object-detection-api,1126,,object-detection-api,0.013888889,,0.00297619,,object-detection-api,1,0.00297619,,0.088809947
ordereddict,117,,ordereddict,0.013888889,,0.00297619,,ordereddict,1,0.00297619,,0.854700855
ordereddictionary,584,,ordereddictionary,0.013888889,,0.00297619,,ordereddictionary,1,0.00297619,,0.171232877
out-of-memory,8280,,out-of-memory,0.027777778,,0.005952381,,out-of-memory,2,0.005952381,,0.024154589
pandas,289143,,pandas,0.013888889,,0.00297619,,pandas,1,0.00297619,,0.00034585
pip,24480,,pip,0.013888889,,0.00297619,,pip,1,0.00297619,,0.004084967
postgresql,178964,,postgresql,0.013888889,,0.00297619,,postgresql,1,0.00297619,,0.000558772
precision-recall,433,,precision-recall,0.013888889,,0.00297619,,precision-recall,1,0.00297619,,0.230946882
privacy,1176,,privacy,0.055555556,,0.011904762,,privacy,4,0.011904762,,0.340136054
protocols,5619,,protocols,0.013888889,,0.00297619,,protocols,1,0.00297619,,0.017796761
python,2215397,,python,1.527777778,,0.327380952,,python,110,0.327380952,,0.00496525
python-3.x,343792,,python-3.x,0.138888889,,0.029761905,,python-3.x,10,0.029761905,,0.002908736
python-asyncio,7909,,python-asyncio,0.013888889,,0.00297619,,python-asyncio,1,0.00297619,,0.012643823
pytorch,24640,,pytorch,0.027777778,,0.005952381,,pytorch,2,0.005952381,,0.008116883
remote-execution,111,,remote-execution,0.013888889,,0.00297619,,remote-execution,1,0.00297619,,0.900900901
resnet,773,,resnet,0.027777778,,0.005952381,,resnet,2,0.005952381,,0.258732212
runtime-error,9919,,runtime-error,0.013888889,,0.00297619,,runtime-error,1,0.00297619,,0.010081661
save,10033,,save,0.013888889,,0.00297619,,save,1,0.00297619,,0.009967109
savestate,366,,savestate,0.013888889,,0.00297619,,savestate,1,0.00297619,,0.273224044
scikit-learn,28381,,scikit-learn,0.013888889,,0.00297619,,scikit-learn,1,0.00297619,,0.003523484
security,56675,,security,0.013888889,,0.00297619,,security,1,0.00297619,,0.001764446
serialization,33555,,serialization,0.013888889,,0.00297619,,serialization,1,0.00297619,,0.002980182
sgd,60,,sgd,0.013888889,,0.00297619,,sgd,1,0.00297619,,1.666666667
tensorboard,1994,,tensorboard,0.013888889,,0.00297619,,tensorboard,1,0.00297619,,0.050150451
tensorflow,83038,,tensorflow,2.694444444,,0.577380952,,tensorflow,194,0.577380952,,0.233627978
tensorflow2.0,5764,,tensorflow2.0,0.444444444,,0.095238095,,tensorflow2.0,32,0.095238095,,0.555170021
tensorflow-datasets,2110,,tensorflow-datasets,0.166666667,,0.035714286,,tensorflow-datasets,12,0.035714286,,0.568720379
tensorflow-federated,408,,tensorflow-federated,4.666666667,,1,,tensorflow-federated,336,1,,82.35294118
tensorflow-serving,1257,,tensorflow-serving,0.013888889,,0.00297619,,tensorflow-serving,1,0.00297619,,0.079554495
tf.keras,2256,,tf.keras,0.111111111,,0.023809524,,tf.keras,8,0.023809524,,0.354609929
time-series,15553,,time-series,0.013888889,,0.00297619,,time-series,1,0.00297619,,0.006429628
transfer-learning,751,,transfer-learning,0.027777778,,0.005952381,,transfer-learning,2,0.005952381,,0.266311585
typeerror,7848,,typeerror,0.013888889,,0.00297619,,typeerror,1,0.00297619,,0.0127421
ubuntu,61233,,ubuntu,0.013888889,,0.00297619,,ubuntu,1,0.00297619,,0.001633106
video-processing,3069,,video-processing,0.013888889,,0.00297619,,video-processing,1,0.00297619,,0.032583904
windows,168809,,windows,0.013888889,,0.00297619,,windows,1,0.00297619,,0.000592385
