tag,TST
tensorflow-federated,4.666666667
tensorflow,2.694444444
python,1.527777778
federated-learning,1
tensorflow2.0,0.444444444
keras,0.375
machine-learning,0.347222222
google-colaboratory,0.263888889
tensorflow-datasets,0.166666667
deep-learning,0.138888889
python-3.x,0.138888889
tf.keras,0.111111111
federated,0.055555556
privacy,0.055555556
numpy,0.055555556
jupyter-notebook,0.041666667
conv-neural-network,0.027777778
apple-m1,0.027777778
transfer-learning,0.027777778
bazel,0.027777778
gradient-descent,0.027777778
pytorch,0.027777778
resnet,0.027777778
out-of-memory,0.027777778
flower,0.027777778
neural-network,0.027777778
hdf5,0.027777778
model,0.013888889
save,0.013888889
gossip,0.013888889
ubuntu,0.013888889
ctc,0.013888889
sgd,0.013888889
remote-execution,0.013888889
mnist,0.013888889
nest-asyncio,0.013888889
gpu,0.013888889
pandas,0.013888889
data-augmentation,0.013888889
loaddata,0.013888889
grid-search,0.013888889
matplotlib,0.013888889
tensorboard,0.013888889
johnsnowlabs-spark-nlp,0.013888889
numpy-ndarray,0.013888889
gradienttape,0.013888889
windows,0.013888889
protocols,0.013888889
lstm,0.013888889
python-asyncio,0.013888889
object-detection,0.013888889
postgresql,0.013888889
ordereddictionary,0.013888889
classification,0.013888889
github,0.013888889
typeerror,0.013888889
cryptography,0.013888889
pip,0.013888889
video-processing,0.013888889
mobilenet,0.013888889
nlp,0.013888889
scikit-learn,0.013888889
tensorflow-serving,0.013888889
ordereddict,0.013888889
object-detection-api,0.013888889
security,0.013888889
artificial-intelligence,0.013888889
runtime-error,0.013888889
dataset,0.013888889
huggingface-transformers,0.013888889
time-series,0.013888889
nb-iot,0.013888889
serialization,0.013888889
imbalanced-data,0.013888889
savestate,0.013888889
installation,0.013888889
precision-recall,0.013888889
image-classification,0.013888889
