tagname,count
apple-m1,2820
artificial-intelligence,9165
bazel,3470
classification,7863
conv-neural-network,10626
cryptography,15329
ctc,77
data-augmentation,486
dataset,11484
deep-learning,27963
federated,111
federated-learning,173
flower,208
github,58827
google-colaboratory,7937
gossip,49
gpu,9207
gradient-descent,1484
gradienttape,143
grid-search,871
hdf5,2648
huggingface-transformers,3560
image-classification,640
imbalanced-data,351
installation,29770
johnsnowlabs-spark-nlp,107
jupyter-notebook,25309
keras,42575
loaddata,196
lstm,6293
machine-learning,56608
matplotlib,72937
mnist,1357
mobilenet,205
model,19135
nb-iot,16
nest-asyncio,18
neural-network,20294
nlp,20679
numpy,114979
numpy-ndarray,3925
object-detection,4667
object-detection-api,1126
ordereddict,117
ordereddictionary,584
out-of-memory,8280
pandas,289143
pip,24480
postgresql,178964
precision-recall,433
privacy,1176
protocols,5619
python,2215397
python-3.x,343792
python-asyncio,7909
pytorch,24640
remote-execution,111
resnet,773
runtime-error,9919
save,10033
savestate,366
scikit-learn,28381
security,56675
serialization,33555
sgd,60
tensorboard,1994
tensorflow,83038
tensorflow2.0,5764
tensorflow-datasets,2110
tensorflow-federated,408
tensorflow-serving,1257
tf.keras,2256
time-series,15553
transfer-learning,751
typeerror,7848
ubuntu,61233
video-processing,3069
windows,168809
